""First Name"";"Last Name";"Email";"Address";"Postcode"
"firstname0";"lastname0";"mail0@mail.com";"#0, block name, floor #0 street name, city name, state name";0
"firstname1";"lastname1";"mail1@mail.com";"#1, block name, floor #1 street name, city name, state name";10000
"firstname2";"lastname2";"mail2@mail.com";"#2, block name, floor #2 street name, city name, state name";20000
"firstname3";"lastname3";"mail3@mail.com";"#3, block name, floor #3 street name, city name, state name";30000
"firstname4";"lastname4";"mail4@mail.com";"#4, block name, floor #4 street name, city name, state name";40000
"firstname5";"lastname5";"mail5@mail.com";"#5, block name, floor #5 street name, city name, state name";50000
"firstname6";"lastname6";"mail6@mail.com";"#6, block name, floor #6 street name, city name, state name";60000
"firstname7";"lastname7";"mail7@mail.com";"#7, block name, floor #7 street name, city name, state name";70000
"firstname8";"lastname8";"mail8@mail.com";"#8, block name, floor #8 street name, city name, state name";80000
"firstname9";"lastname9";"mail9@mail.com";"#9, block name, floor #9 street name, city name, state name";90000
"firstname10";"lastname10";"mail10@mail.com";"#10, block name, floor #10 street name, city name, state name";100000
"firstname11";"lastname11";"mail11@mail.com";"#11, block name, floor #11 street name, city name, state name";110000
"firstname12";"lastname12";"mail12@mail.com";"#12, block name, floor #12 street name, city name, state name";120000
"firstname13";"lastname13";"mail13@mail.com";"#13, block name, floor #13 street name, city name, state name";130000
"firstname14";"lastname14";"mail14@mail.com";"#14, block name, floor #14 street name, city name, state name";140000
"firstname15";"lastname15";"mail15@mail.com";"#15, block name, floor #15 street name, city name, state name";150000
"firstname16";"lastname16";"mail16@mail.com";"#16, block name, floor #16 street name, city name, state name";160000
"firstname17";"lastname17";"mail17@mail.com";"#17, block name, floor #17 street name, city name, state name";170000
"firstname18";"lastname18";"mail18@mail.com";"#18, block name, floor #18 street name, city name, state name";180000
"firstname19";"lastname19";"mail19@mail.com";"#19, block name, floor #19 street name, city name, state name";190000
"firstname20";"lastname20";"mail20@mail.com";"#20, block name, floor #20 street name, city name, state name";200000
"firstname21";"lastname21";"mail21@mail.com";"#21, block name, floor #21 street name, city name, state name";210000
"firstname22";"lastname22";"mail22@mail.com";"#22, block name, floor #22 street name, city name, state name";220000
"firstname23";"lastname23";"mail23@mail.com";"#23, block name, floor #23 street name, city name, state name";230000
"firstname24";"lastname24";"mail24@mail.com";"#24, block name, floor #24 street name, city name, state name";240000
"firstname25";"lastname25";"mail25@mail.com";"#25, block name, floor #25 street name, city name, state name";250000
